foo,bar,bat
baz,bar,bam
2022-02-06T22:06:32.179803,count_pageview,"current transaction is aborted, commands ignored until end of transaction block
"
2022-02-08T01:03:57.312828,count_pageview,"SSL SYSCALL error: EOF detected
"
2022-02-21T02:14:32.128135,count_pageview,"SSL SYSCALL error: EOF detected
"
2022-02-21T02:14:48.467701,count_pageview,connection already closed
2022-02-23T00:56:58.312844,count_pageview,"SSL SYSCALL error: EOF detected
"
2022-02-23T00:57:33.135104,count_pageview,connection already closed
2022-02-23T00:57:40.016082,count_pageview,connection already closed
2022-02-23T01:01:01.328635,count_pageview,connection already closed
2022-02-23T01:02:02.914253,count_pageview,connection already closed
2022-02-23T01:02:11.964058,count_pageview,connection already closed
2022-02-23T01:02:44.130170,count_pageview,connection already closed
2022-02-23T01:02:53.618325,count_pageview,connection already closed
2022-02-23T01:03:30.672340,count_pageview,connection already closed
2022-02-23T01:09:56.334673,count_pageview,connection already closed
2022-02-23T01:11:07.034724,count_pageview,connection already closed
2022-02-23T01:13:13.081527,count_pageview,connection already closed
2022-02-23T01:14:03.619690,count_pageview,connection already closed
2022-02-23T01:14:27.250047,count_pageview,connection already closed
2022-02-23T01:14:33.286442,count_pageview,connection already closed
2022-02-23T01:18:01.083645,count_pageview,connection already closed
2022-02-23T01:24:47.295339,count_pageview,connection already closed
2022-02-23T01:25:09.739551,count_pageview,connection already closed
2022-02-23T01:25:20.772551,count_pageview,connection already closed
2022-02-23T01:25:42.724093,count_pageview,connection already closed
2022-02-23T01:26:39.349533,count_pageview,connection already closed
2022-02-23T01:27:13.326180,count_pageview,connection already closed
2022-02-23T01:28:33.670233,count_pageview,connection already closed
2022-02-23T01:28:49.111153,count_pageview,connection already closed
2022-02-23T01:30:18.288856,count_pageview,connection already closed
2022-02-23T01:30:34.653910,count_pageview,connection already closed
2022-02-23T01:30:44.521218,count_pageview,connection already closed
2022-02-23T01:31:09.294303,count_pageview,connection already closed
2022-02-23T01:31:31.334725,count_pageview,connection already closed
2022-02-23T01:31:44.455103,count_pageview,connection already closed
2022-02-23T01:32:36.747354,count_pageview,connection already closed
2022-02-23T01:33:09.388238,count_pageview,connection already closed
2022-02-23T01:33:19.788265,count_pageview,connection already closed
2022-02-23T01:33:27.732529,count_pageview,connection already closed
2022-02-23T01:34:03.386283,count_pageview,connection already closed
2022-02-23T01:34:11.241239,count_pageview,connection already closed
2022-02-23T01:34:55.875426,count_pageview,connection already closed
2022-02-23T01:35:23.661871,count_pageview,connection already closed
2022-02-23T01:35:58.812899,count_pageview,connection already closed
2022-02-23T01:36:40.430267,count_pageview,connection already closed
2022-02-23T01:37:02.260488,count_pageview,connection already closed
2022-02-23T01:38:29.159034,count_pageview,connection already closed
2022-02-23T01:39:46.304262,count_pageview,connection already closed
2022-02-23T01:41:06.642217,count_pageview,connection already closed
2022-02-23T01:41:29.383772,count_pageview,connection already closed
2022-02-23T01:50:57.146250,count_pageview,connection already closed
2022-02-23T02:05:46.519416,count_pageview,connection already closed
2022-02-23T02:06:16.914413,count_pageview,connection already closed
2022-02-23T02:08:19.938964,count_pageview,connection already closed
2022-02-23T02:10:10.852303,count_pageview,connection already closed
2022-02-23T02:10:26.023102,count_pageview,connection already closed
2022-02-23T02:11:26.758197,count_pageview,connection already closed
2022-02-23T02:13:27.941459,count_pageview,connection already closed
2022-02-23T02:17:16.548772,count_pageview,connection already closed
2022-02-23T02:18:16.934861,count_pageview,connection already closed
2022-02-23T02:20:10.366169,count_pageview,connection already closed
2022-02-23T02:24:24.750389,count_pageview,connection already closed
2022-02-23T02:24:45.603520,count_pageview,connection already closed
2022-02-23T02:27:21.471164,count_pageview,connection already closed
2022-02-23T02:31:48.809804,count_pageview,connection already closed
2022-02-23T02:32:06.897553,count_pageview,connection already closed
2022-02-23T02:32:10.898785,count_pageview,connection already closed
2022-02-23T02:32:30.108936,count_pageview,connection already closed
2022-02-23T02:33:49.302628,count_pageview,connection already closed
2022-02-23T02:45:49.159288,count_pageview,connection already closed
2022-02-23T02:48:32.539129,count_pageview,connection already closed
2022-02-23T02:49:46.813296,count_pageview,connection already closed
2022-02-23T02:51:08.570149,count_pageview,connection already closed
2022-02-23T02:51:26.088425,count_pageview,connection already closed
2022-02-23T02:51:44.768028,count_pageview,connection already closed
2022-02-23T02:52:02.867460,count_pageview,connection already closed
2022-02-23T02:52:38.928662,count_pageview,connection already closed
2022-02-23T02:54:04.908305,count_pageview,connection already closed
2022-02-23T02:54:43.334213,count_pageview,connection already closed
2022-02-23T02:55:27.018105,count_pageview,connection already closed
2022-02-23T02:56:10.146462,count_pageview,connection already closed
2022-02-23T02:56:23.971924,count_pageview,connection already closed
2022-02-23T02:56:53.297449,count_pageview,connection already closed
2022-02-23T02:57:24.170124,count_pageview,connection already closed
2022-02-23T02:57:36.820279,count_pageview,connection already closed
2022-02-23T02:59:41.044975,count_pageview,connection already closed
2022-02-23T02:59:55.626432,count_pageview,connection already closed
2022-02-23T03:00:48.421832,count_pageview,connection already closed
2022-02-23T03:02:42.697696,count_pageview,connection already closed
2022-02-23T03:03:49.868760,count_pageview,connection already closed
2022-02-23T03:05:08.221553,count_pageview,connection already closed
2022-02-23T03:12:04.284913,count_pageview,connection already closed
2022-02-23T03:12:48.201429,count_pageview,connection already closed
2022-02-26T23:04:00.942528,count_pageview,connection already closed
2022-02-26T23:26:00.554795,count_pageview,connection already closed
2022-02-26T23:26:15.751924,count_pageview,connection already closed
2022-02-26T23:26:36.154294,count_pageview,connection already closed
2022-02-26T23:27:02.212546,count_pageview,connection already closed
2022-02-26T23:27:39.467294,count_pageview,connection already closed
2022-02-26T23:27:45.392682,count_pageview,connection already closed
2022-02-26T23:28:44.090774,count_pageview,connection already closed
2022-02-26T23:30:34.837963,count_pageview,connection already closed
2022-02-26T23:31:02.934034,count_pageview,connection already closed
2022-02-26T23:44:47.794686,count_pageview,connection already closed
2022-02-26T23:45:33.559888,count_pageview,connection already closed
2022-02-26T23:45:45.869848,count_pageview,connection already closed
2022-02-26T23:45:54.039087,count_pageview,connection already closed
2022-02-26T23:46:13.820178,count_pageview,connection already closed
2022-02-26T23:48:06.888522,count_pageview,connection already closed
2022-02-26T23:52:00.836173,count_pageview,connection already closed
2022-02-26T23:52:59.800087,count_pageview,connection already closed
2022-02-26T23:53:31.633740,count_pageview,connection already closed
2022-02-26T23:55:37.340943,count_pageview,connection already closed
2022-02-26T23:56:41.939739,count_pageview,connection already closed
2022-02-26T23:57:04.979994,count_pageview,connection already closed
2022-02-26T23:57:57.038451,count_pageview,connection already closed
2022-02-27T00:00:03.549584,count_pageview,connection already closed
2022-02-27T00:02:13.411387,count_pageview,connection already closed
2022-02-27T00:02:37.640857,count_pageview,connection already closed
2022-02-27T00:03:04.000301,count_pageview,connection already closed
2022-02-27T00:03:49.443094,count_pageview,connection already closed
2022-02-27T00:04:36.959057,count_pageview,connection already closed
2022-02-27T00:05:52.095045,count_pageview,connection already closed
2022-02-27T00:06:44.847473,count_pageview,connection already closed
2022-02-27T00:07:02.923989,count_pageview,connection already closed
2022-02-27T00:10:12.122496,count_pageview,connection already closed
2022-02-27T00:10:25.567882,count_pageview,connection already closed
2022-02-27T00:11:00.244077,count_pageview,connection already closed
2022-02-27T00:11:15.997847,count_pageview,connection already closed
2022-02-27T00:12:11.084127,count_pageview,connection already closed
2022-02-27T00:14:30.088990,count_pageview,connection already closed
2022-02-27T00:22:02.100935,count_pageview,connection already closed
2022-02-27T00:22:55.176025,count_pageview,connection already closed
2022-02-27T00:23:42.309202,count_pageview,connection already closed
2022-02-27T00:27:15.727858,count_pageview,connection already closed
2022-02-27T00:27:45.379186,count_pageview,connection already closed
2022-02-27T00:29:09.652762,count_pageview,connection already closed
2022-02-27T00:34:20.567784,count_pageview,connection already closed
2022-02-27T00:34:26.728833,count_pageview,connection already closed
2022-02-27T00:34:36.207761,count_pageview,connection already closed
2022-02-27T00:34:54.898264,count_pageview,connection already closed
2022-02-27T00:35:26.695799,count_pageview,connection already closed
2022-02-27T00:35:48.699352,count_pageview,connection already closed
2022-02-27T00:36:04.284218,count_pageview,connection already closed
2022-02-27T00:36:17.712450,count_pageview,connection already closed
2022-02-27T00:36:45.043190,count_pageview,connection already closed
2022-02-27T00:37:53.111851,count_pageview,connection already closed
2022-02-27T00:38:04.271643,count_pageview,connection already closed
2022-02-27T00:41:05.503476,count_pageview,connection already closed
2022-02-27T00:41:30.650133,count_pageview,connection already closed
2022-02-27T00:41:44.904911,count_pageview,connection already closed
2022-02-27T00:42:07.089521,count_pageview,connection already closed
2022-02-27T00:42:28.462894,count_pageview,connection already closed
2022-02-27T00:43:21.284186,count_pageview,connection already closed
2022-02-27T00:43:55.793762,count_pageview,connection already closed
2022-02-27T00:44:43.570720,count_pageview,connection already closed
2022-02-27T00:46:44.606226,count_pageview,connection already closed
2022-02-27T00:51:15.508266,count_pageview,connection already closed
2022-02-27T00:51:29.298699,count_pageview,connection already closed
2022-02-27T00:51:49.224948,count_pageview,connection already closed
2022-02-27T00:52:44.197502,count_pageview,connection already closed
2022-02-27T00:53:11.133509,count_pageview,connection already closed
2022-02-27T00:54:08.267128,count_pageview,connection already closed
2022-02-27T00:54:19.837822,count_pageview,connection already closed
2022-02-27T00:54:33.060244,count_pageview,connection already closed
2022-02-27T00:54:49.835822,count_pageview,connection already closed
2022-02-27T00:55:02.310595,count_pageview,connection already closed
2022-02-27T00:55:12.452861,count_pageview,connection already closed
2022-02-27T00:55:24.096875,count_pageview,connection already closed
2022-02-27T00:56:36.450499,count_pageview,connection already closed
2022-02-27T00:57:04.543719,count_pageview,connection already closed
2022-02-27T00:58:08.609417,count_pageview,connection already closed
2022-02-27T00:58:28.259561,count_pageview,connection already closed
2022-02-27T00:58:37.918665,count_pageview,connection already closed
2022-02-27T00:58:54.693539,count_pageview,connection already closed
2022-02-27T00:59:22.306698,count_pageview,connection already closed
2022-02-27T00:59:37.843570,count_pageview,connection already closed
2022-02-27T01:00:30.571359,count_pageview,connection already closed
2022-02-27T01:00:48.544389,count_pageview,connection already closed
2022-02-27T01:02:36.757304,count_pageview,connection already closed
2022-02-27T01:07:33.937555,count_pageview,connection already closed
2022-02-27T01:07:46.778534,count_pageview,connection already closed
2022-02-27T01:08:09.569535,count_pageview,connection already closed
2022-02-27T01:08:14.834308,count_pageview,connection already closed
2022-02-27T01:09:16.503329,count_pageview,connection already closed
2022-02-27T01:14:15.363391,count_pageview,connection already closed
2022-02-27T01:14:26.973793,count_pageview,connection already closed
2022-02-27T01:15:04.231517,count_pageview,connection already closed
2022-02-27T01:15:45.277195,count_pageview,connection already closed
2022-02-27T01:16:12.723969,count_pageview,connection already closed
2022-02-27T01:17:00.637765,count_pageview,connection already closed
2022-02-27T01:17:19.541167,count_pageview,connection already closed
2022-02-27T03:24:23.375384,count_pageview,connection already closed
2022-02-27T03:36:29.745072,count_pageview,connection already closed
2022-02-27T03:38:21.280182,count_pageview,connection already closed
2022-02-27T03:38:53.414118,count_pageview,connection already closed
2022-02-27T03:39:19.054533,count_pageview,connection already closed
2022-02-27T03:39:34.607108,count_pageview,connection already closed
2022-02-27T03:40:19.741277,count_pageview,connection already closed
2022-02-27T03:42:09.076102,count_pageview,connection already closed
2022-02-27T03:42:35.682206,count_pageview,connection already closed
2022-02-27T03:43:17.580870,count_pageview,connection already closed
2022-02-27T03:43:45.902934,count_pageview,connection already closed
2022-02-27T03:45:26.839295,count_pageview,connection already closed
2022-02-27T03:49:04.787434,count_pageview,connection already closed
2022-02-27T03:49:26.960965,count_pageview,connection already closed
2022-02-27T03:52:01.212272,count_pageview,connection already closed
2022-02-27T03:53:54.338100,count_pageview,connection already closed
2022-02-27T03:54:07.086360,count_pageview,connection already closed
2022-02-27T03:54:35.248694,count_pageview,connection already closed
2022-02-27T03:57:20.712713,count_pageview,connection already closed
2022-02-27T03:57:48.674628,count_pageview,connection already closed
2022-02-27T03:59:13.435403,count_pageview,connection already closed
2022-02-27T04:00:44.207036,count_pageview,connection already closed
2022-02-27T04:02:51.069967,count_pageview,connection already closed
2022-02-27T04:04:19.792442,count_pageview,connection already closed
2022-02-27T04:04:24.993839,count_pageview,connection already closed
2022-02-27T04:06:36.826125,count_pageview,connection already closed
2022-02-27T04:08:24.543266,count_pageview,connection already closed
2022-02-27T04:11:36.900754,count_pageview,connection already closed
2022-02-27T04:11:56.115002,count_pageview,connection already closed
2022-02-27T04:15:27.629133,count_pageview,connection already closed
2022-02-27T04:15:51.615340,count_pageview,connection already closed
2022-02-27T16:57:20.737522,count_pageview,connection already closed
2022-02-27T17:17:44.740744,count_pageview,connection already closed
2022-02-27T17:17:54.088691,count_pageview,connection already closed
2022-02-27T17:18:01.340261,count_pageview,connection already closed
2022-02-27T17:19:03.373364,count_pageview,connection already closed
2022-02-27T17:19:06.769495,count_pageview,connection already closed
2022-02-27T17:19:24.336223,count_pageview,connection already closed
2022-02-27T17:47:06.467199,count_pageview,connection already closed
2022-02-27T17:50:14.465521,count_pageview,connection already closed
2022-02-27T17:50:51.831995,count_pageview,connection already closed
2022-02-27T17:51:59.501980,count_pageview,connection already closed
2022-02-27T17:52:29.154199,count_pageview,connection already closed
2022-02-27T17:53:03.543528,count_pageview,connection already closed
2022-02-27T17:53:43.170233,count_pageview,connection already closed
2022-02-27T17:54:37.787828,count_pageview,connection already closed
2022-02-27T17:55:09.896616,count_pageview,connection already closed
2022-02-27T17:58:26.577981,count_pageview,connection already closed
2022-02-27T18:00:08.589136,count_pageview,connection already closed
2022-02-27T18:00:23.081245,count_pageview,connection already closed
2022-02-27T18:00:47.879833,count_pageview,connection already closed
2022-02-27T18:01:55.170411,count_pageview,connection already closed
2022-02-27T18:02:10.453351,count_pageview,connection already closed
2022-02-27T18:02:27.613377,count_pageview,connection already closed
2022-02-27T18:02:58.744352,count_pageview,connection already closed
2022-02-27T18:03:08.262778,count_pageview,connection already closed
2022-02-27T18:05:08.898729,count_pageview,connection already closed
2022-02-27T18:06:34.793372,count_pageview,connection already closed
2022-02-27T18:07:24.280987,count_pageview,connection already closed
2022-02-27T18:07:38.835189,count_pageview,connection already closed
2022-02-27T18:08:14.706450,count_pageview,connection already closed
2022-02-27T18:08:30.831885,count_pageview,connection already closed
2022-02-27T18:20:39.096183,count_pageview,connection already closed
2022-02-27T18:21:04.391230,count_pageview,connection already closed
2022-02-27T18:21:44.631455,count_pageview,connection already closed
2022-02-27T18:22:40.380771,count_pageview,connection already closed
2022-02-27T18:23:45.401551,count_pageview,connection already closed
2022-02-27T18:27:03.740214,count_pageview,connection already closed
2022-02-27T18:31:28.235197,count_pageview,connection already closed
2022-02-27T18:31:40.527120,count_pageview,connection already closed
2022-02-27T18:31:56.563530,count_pageview,connection already closed
2022-02-27T18:33:05.162362,count_pageview,connection already closed
2022-02-27T18:33:25.783060,count_pageview,connection already closed
2022-02-27T18:34:32.158211,count_pageview,connection already closed
2022-02-27T18:34:39.981380,count_pageview,connection already closed
2022-02-27T19:02:22.322805,count_pageview,connection already closed
2022-02-27T19:02:41.692421,count_pageview,connection already closed
2022-02-27T19:02:56.889429,count_pageview,connection already closed
2022-02-27T19:03:49.967849,count_pageview,connection already closed
2022-02-27T19:19:45.543287,count_pageview,connection already closed
2022-02-27T19:20:57.444351,count_pageview,connection already closed
2022-02-27T19:21:50.591617,count_pageview,connection already closed
2022-02-27T19:24:39.721312,count_pageview,connection already closed
2022-02-27T19:26:45.052474,count_pageview,connection already closed
2022-02-27T19:29:02.438460,count_pageview,connection already closed
2022-02-27T19:30:24.575602,count_pageview,connection already closed
2022-02-27T19:31:39.885849,count_pageview,connection already closed
2022-02-27T19:31:58.552771,count_pageview,connection already closed
2022-02-27T19:32:48.614804,count_pageview,connection already closed
2022-02-27T19:33:17.763289,count_pageview,connection already closed
2022-02-27T19:33:58.814502,count_pageview,connection already closed
2022-02-27T19:35:02.013076,count_pageview,connection already closed
2022-02-27T19:36:57.875347,count_pageview,connection already closed
2022-02-27T19:37:51.286310,count_pageview,connection already closed
2022-02-27T19:39:46.010088,count_pageview,connection already closed
2022-02-27T19:40:10.517743,count_pageview,connection already closed
2022-02-27T19:40:40.878652,count_pageview,connection already closed
2022-02-27T19:41:37.036870,count_pageview,connection already closed
2022-02-27T19:44:09.029288,count_pageview,connection already closed
2022-02-27T19:45:01.897390,count_pageview,connection already closed
2022-02-27T19:45:36.709170,count_pageview,connection already closed
2022-02-27T19:45:55.433267,count_pageview,connection already closed
2022-02-27T19:46:10.772789,count_pageview,connection already closed
2022-02-27T19:49:07.443789,count_pageview,connection already closed
2022-02-27T20:02:49.900554,count_pageview,connection already closed
2022-02-27T20:03:19.232113,count_pageview,connection already closed
2022-02-27T20:05:24.619589,count_pageview,connection already closed
2022-02-27T20:05:38.646802,count_pageview,connection already closed
2022-02-27T20:06:08.186804,count_pageview,connection already closed
2022-02-27T20:07:32.961049,count_pageview,connection already closed
2022-02-27T20:08:17.050694,count_pageview,connection already closed
2022-02-27T20:08:28.164631,count_pageview,connection already closed
2022-02-27T20:10:13.072425,count_pageview,connection already closed
2022-02-27T20:10:32.938032,count_pageview,connection already closed
2022-02-27T20:11:10.720997,count_pageview,connection already closed
2022-02-27T20:13:05.048823,count_pageview,connection already closed
2022-02-27T20:13:20.801370,count_pageview,connection already closed
2022-02-27T20:13:39.212471,count_pageview,connection already closed
2022-02-27T20:14:00.636955,count_pageview,connection already closed
2022-02-27T20:14:23.849900,count_pageview,connection already closed
2022-02-27T20:14:54.144100,count_pageview,connection already closed
2022-02-27T20:16:52.696614,count_pageview,connection already closed
2022-02-27T20:17:30.043952,count_pageview,connection already closed
2022-02-27T20:17:42.115272,count_pageview,connection already closed
2022-02-27T20:17:49.617096,count_pageview,connection already closed
2022-02-27T20:18:17.803469,count_pageview,connection already closed
2022-02-27T20:18:55.875321,count_pageview,connection already closed
2022-02-27T20:19:06.357868,count_pageview,connection already closed
2022-02-27T20:20:18.806128,count_pageview,connection already closed
2022-02-27T20:20:42.416559,count_pageview,connection already closed
2022-02-27T20:21:04.926888,count_pageview,connection already closed
2022-02-27T20:21:55.871568,count_pageview,connection already closed
2022-02-27T20:22:12.347814,count_pageview,connection already closed
2022-02-27T20:22:39.271099,count_pageview,connection already closed
2022-02-27T20:23:15.063679,count_pageview,connection already closed
2022-02-27T20:25:44.157953,count_pageview,connection already closed
2022-02-27T20:26:59.662836,count_pageview,connection already closed
2022-02-27T20:32:55.434396,count_pageview,connection already closed
2022-02-27T20:34:21.966760,count_pageview,connection already closed
2022-02-27T20:38:04.916842,count_pageview,connection already closed
2022-02-27T20:38:34.606545,count_pageview,connection already closed
2022-02-27T20:40:09.383868,count_pageview,connection already closed
2022-02-27T20:41:54.137801,count_pageview,connection already closed
2022-02-27T20:45:49.411198,count_pageview,connection already closed
2022-02-27T20:46:37.102828,count_pageview,connection already closed
2022-02-27T20:47:04.975321,count_pageview,connection already closed
2022-02-27T20:47:27.817566,count_pageview,connection already closed
2022-02-27T20:47:42.707683,count_pageview,connection already closed
2022-02-27T20:48:12.762285,count_pageview,connection already closed
2022-02-27T20:50:27.009609,count_pageview,connection already closed
2022-02-27T20:55:57.050924,count_pageview,connection already closed
2022-02-27T20:56:44.731956,count_pageview,connection already closed
2022-02-27T20:58:20.663689,count_pageview,connection already closed
2022-02-27T20:58:32.220783,count_pageview,connection already closed
2022-02-27T21:00:04.097093,count_pageview,connection already closed
2022-02-27T21:00:54.810695,count_pageview,connection already closed
2022-02-27T21:01:10.630037,count_pageview,connection already closed
2022-02-27T21:05:37.410613,count_pageview,connection already closed
2022-02-27T21:09:12.381213,count_pageview,connection already closed
2022-02-27T21:11:28.523305,count_pageview,connection already closed
2022-02-27T21:11:57.829735,count_pageview,connection already closed
2022-02-27T21:17:32.158324,count_pageview,connection already closed
2022-02-27T21:18:05.277867,count_pageview,connection already closed
2022-02-27T21:21:15.003533,count_pageview,connection already closed
2022-02-27T21:25:55.352412,count_pageview,connection already closed
2022-02-27T21:26:27.174163,count_pageview,connection already closed
2022-02-27T21:27:16.617220,count_pageview,connection already closed
2022-02-27T21:27:39.635601,count_pageview,connection already closed
2022-02-27T21:28:38.743705,count_pageview,connection already closed
2022-02-27T21:30:16.444085,count_pageview,connection already closed
2022-02-27T21:31:06.704743,count_pageview,connection already closed
2022-02-27T21:32:17.465229,count_pageview,connection already closed
2022-02-27T21:33:08.461423,count_pageview,connection already closed
2022-02-27T21:34:42.435849,count_pageview,connection already closed
2022-02-27T21:45:42.104950,count_pageview,connection already closed
2022-02-27T21:46:39.428580,count_pageview,connection already closed
2022-02-27T21:47:32.809873,count_pageview,connection already closed
2022-02-27T21:48:42.723426,count_pageview,connection already closed
2022-02-27T21:49:28.300268,count_pageview,connection already closed
2022-02-27T21:56:53.007607,count_pageview,connection already closed
2022-02-27T21:57:09.287134,count_pageview,connection already closed
2022-02-27T21:57:31.892695,count_pageview,connection already closed
2022-02-27T21:57:47.857794,count_pageview,connection already closed
2022-02-27T21:58:51.317225,count_pageview,connection already closed
2022-02-27T21:59:21.510726,count_pageview,connection already closed
2022-02-27T21:59:56.741448,count_pageview,connection already closed
2022-02-27T22:01:22.666501,count_pageview,connection already closed
2022-02-27T22:01:28.876650,count_pageview,connection already closed
2022-02-27T22:01:40.343484,count_pageview,connection already closed
2022-02-27T22:02:55.793555,count_pageview,connection already closed
2022-02-27T22:03:15.973683,count_pageview,connection already closed
2022-02-27T22:04:27.460302,count_pageview,connection already closed
2022-02-27T22:04:40.291137,count_pageview,connection already closed
2022-02-27T22:05:04.140996,count_pageview,connection already closed
2022-02-27T22:05:42.117881,count_pageview,connection already closed
2022-02-27T22:06:30.615618,count_pageview,connection already closed
2022-02-27T22:07:20.012203,count_pageview,connection already closed
2022-02-27T22:07:58.042301,count_pageview,connection already closed
2022-02-27T22:08:19.378022,count_pageview,connection already closed
2022-02-27T22:08:29.869394,count_pageview,connection already closed
2022-02-27T22:08:41.840671,count_pageview,connection already closed
2022-02-27T22:13:11.846449,count_pageview,connection already closed
2022-02-27T22:16:35.714847,count_pageview,connection already closed
2022-02-27T22:17:01.337982,count_pageview,connection already closed
2022-02-27T22:17:05.228968,count_pageview,connection already closed
2022-02-27T22:17:12.824309,count_pageview,connection already closed
2022-02-27T22:17:17.599627,count_pageview,connection already closed
2022-02-27T22:17:32.354018,count_pageview,connection already closed
2022-02-27T22:17:34.480099,count_pageview,connection already closed
2022-02-27T22:17:42.696477,count_pageview,connection already closed
2022-02-27T22:17:45.437543,count_pageview,connection already closed
2022-02-27T22:18:13.153520,count_pageview,connection already closed
2022-02-27T22:18:16.442775,count_pageview,connection already closed
2022-02-27T22:18:20.147680,count_pageview,connection already closed
2022-02-27T22:18:24.452988,count_pageview,connection already closed
2022-02-27T22:18:37.237073,count_pageview,connection already closed
2022-02-27T22:18:54.961372,count_pageview,connection already closed
2022-02-27T22:19:00.851941,count_pageview,connection already closed
2022-02-27T22:19:04.044686,count_pageview,connection already closed
2022-02-27T22:19:08.255548,count_pageview,connection already closed
2022-02-27T22:19:27.474226,count_pageview,connection already closed
2022-02-27T22:19:30.296075,count_pageview,connection already closed
2022-02-27T22:20:32.527222,count_pageview,connection already closed
2022-02-27T22:20:35.623073,count_pageview,connection already closed
2022-02-27T22:20:42.555883,count_pageview,connection already closed
2022-02-27T22:21:37.124908,count_pageview,connection already closed
2022-02-27T22:21:46.278209,count_pageview,connection already closed
2022-02-27T22:21:49.103126,count_pageview,connection already closed
2022-02-27T22:21:53.707518,count_pageview,connection already closed
2022-02-27T22:21:58.508886,count_pageview,connection already closed
2022-02-27T22:22:19.205766,count_pageview,connection already closed
2022-02-27T22:23:12.522978,count_pageview,connection already closed
2022-02-27T22:28:21.325646,count_pageview,connection already closed
2022-02-27T22:29:01.035885,count_pageview,connection already closed
2022-02-27T22:29:13.725415,count_pageview,connection already closed
2022-02-27T22:29:54.250041,count_pageview,connection already closed
2022-02-27T22:30:45.656817,count_pageview,connection already closed
2022-02-27T22:32:09.256197,count_pageview,connection already closed
2022-02-27T22:34:38.072168,count_pageview,connection already closed
2022-02-27T22:35:12.509008,count_pageview,connection already closed
2022-02-27T22:35:44.609381,count_pageview,connection already closed
2022-02-27T22:36:37.313710,count_pageview,connection already closed
2022-02-27T22:39:14.202800,count_pageview,connection already closed
2022-02-27T22:44:02.225525,count_pageview,connection already closed
2022-02-27T22:44:25.650928,count_pageview,connection already closed
2022-02-27T22:45:12.318131,count_pageview,connection already closed
2022-02-27T22:47:25.754454,count_pageview,connection already closed
2022-02-27T22:47:45.034136,count_pageview,connection already closed
2022-02-27T22:48:06.863404,count_pageview,connection already closed
2022-02-27T22:48:55.867952,count_pageview,connection already closed
2022-02-27T22:49:03.814444,count_pageview,connection already closed
2022-02-27T22:52:51.215427,count_pageview,connection already closed
2022-02-27T22:53:46.102015,count_pageview,connection already closed
2022-02-27T22:54:18.711683,count_pageview,connection already closed
2022-02-27T22:54:25.965538,count_pageview,connection already closed
2022-02-27T23:01:50.561489,count_pageview,connection already closed
